pair,stability_ratio,hedge_ratio_mean,hedge_ratio_std,is_stable
QQQ/XLK,1.0,0.5033111730167801,0.022867899568950058,True
SPY/IVV,0.875,0.2564206792178395,0.02225973775757418,True
GLD/SLV,1.0,0.10254489745094429,0.015929429772036794,True
SPY/GLD,0.125,0.2942362045802298,0.5156780414853027,False
IVV/GLD,0.125,0.829601682298975,1.2337261802838453,False
