pair,half_life,is_mean_reverting,correlation,spread_volatility,zscore_threshold_90
SPY/IVV,0.67316455563201,True,0.3038329414335531,704.8824011936094,1.5876051936916005
SPY/GLD,21.662464943981174,True,0.03085067036293598,0.40407039940826794,1.5549253054489547
SPY/SLV,2.4574887006634727,True,0.004582147401107194,1.584466080974705,1.6434488860358254
IVV/GLD,4.461690488071054,True,0.04913047459074423,1.2313743666132104,1.5877867689337135
IVV/SLV,2.0264369999439826,True,-0.0007202213044485552,2.1656633104890526,1.6229739798032792
QQQ/XLK,0.7246830772838703,True,0.6862748840022436,119.86029388476209,1.6384464518583415
GLD/SLV,0.6668720704447848,True,0.14923718724220858,1105.8791148943253,1.679796047274466
